month,total,destroyed
2022-02,430,246
2022-03,1920,1187
2022-04,1178,857
2022-05,696,570
2022-06,413,360
2022-07,386,318
2022-08,364,285
2022-09,1180,503
2022-10,825,451
2022-11,753,504
2022-12,272,196
2023-01,257,193
2023-02,395,295
2023-03,330,291
2023-04,225,190
2023-05,302,242
2023-06,365,297
2023-07,415,355
2023-08,422,362
2023-09,360,321
2023-10,523,420
2023-11,343,277
2023-12,381,295
2024-01,413,324
2024-02,485,392
2024-03,557,479
2024-04,528,462
2024-05,578,535
2024-06,586,534
2024-07,483,449
2024-08,570,499
2024-09,543,485
2024-10,612,561
2024-11,571,511
2024-12,373,342
2025-01,354,312
2025-02,412,374
2025-03,419,370
2025-04,432,391
2025-05,290,252
2025-06,234,211
2025-07,194,174
2025-08,269,252
2025-09,209,188
2025-10,236,208
2025-11,171,156
2025-12,243,220
2026-01,103,96
2026-02,103,94
2026-03,198,179
2026-04,111,97
2026-05,180,168
2026-06,179,172
2026-07,156,144
2026-08,120,107
2026-09,85,83
2026-10,8,8
