region_en,region_ru,settlements,total_deaths_full
Bashkortostan,Республика Башкортостан,1880,11374
Tatarstan,Республика Татарстан,1388,8997
Sverdlovsk Oblast,Свердловская область,567,8696
Chelyabinsk Oblast,Челябинская область,621,8278
Krasnodar Krai,Краснодарский край,757,7825
Perm Krai,Пермский край,826,7458
Irkutsk Oblast,Иркутская область,608,6606
Moscow Oblast,Московская область,601,6506
Rostov Oblast,Ростовская область,805,6484
Krasnoyarsk Krai,Красноярский край,681,6480
Kemerovo Oblast,Кемеровская область,388,6125
Altai Krai,Алтайский край,786,5683
Saratov Oblast,Саратовская область,688,5670
Zabaykalsky Krai,Забайкальский край,473,5527
Primorsky Krai,Приморский край,329,5460
Buryatia,Республика Бурятия,433,5302
Novosibirsk Oblast,Новосибирская область,573,5026
Volgograd Oblast,Волгоградская область,596,5016
Orenburg Oblast,Оренбургская область,701,4975
Samara Oblast,Самарская область,487,4807
Moscow,Москва,11,4401
Omsk Oblast,Омская область,593,4323
Udmurtia,Удмуртская Республика,509,4087
Stavropol Krai,Ставропольский край,381,4041
Nizhny Novgorod Oblast,Нижегородская область,561,4013
Kirov Oblast,Кировская область,558,3776
Voronezh Oblast,Воронежская область,571,3568
Sakha (Yakutia),Республика Саха (Якутия),342,3185
Tyumen Oblast,Тюменская область,446,3013
Penza Oblast,Пензенская область,388,2925
Khanty-Mansi AO – Yugra,Ханты-Мансийский автономный округ - Югра,119,2905
Ulyanovsk Oblast,Ульяновская область,384,2856
Khabarovsk Krai,Хабаровский край,198,2795
Saint Petersburg,Санкт-Петербург,20,2745
Tomsk Oblast,Томская область,264,2640
Arkhangelsk Oblast,Архангельская область,346,2564
Belgorod Oblast,Белгородская область,433,2545
Kurgan Oblast,Курганская область,388,2520
Amur Oblast,Амурская область,284,2508
Dagestan,Республика Дагестан,548,2484
Komi,Республика Коми,258,2280
Bryansk Oblast,Брянская область,388,2186
Astrakhan Oblast,Астраханская область,225,2185
Chuvashia,Чувашская Республика,503,2177
Vologda Oblast,Вологодская область,396,2166
Tver Oblast,Тверская область,416,2133
Crimea,Республика Крым,393,2105
Vladimir Oblast,Владимирская область,268,2000
Leningrad Oblast,Ленинградская область,345,2000
Tuva,Республика Тыва,120,1990
Tambov Oblast,Тамбовская область,339,1801
Mari El,Республика Марий Эл,349,1763
Kaliningrad Oblast,Калининградская область,221,1744
Ivanovo Oblast,Ивановская область,197,1709
Tula Oblast,Тульская область,192,1698
Lipetsk Oblast,Липецкая область,354,1696
Khakassia,Республика Хакасия,165,1669
Kursk Oblast,Курская область,389,1608
Sakhalin Oblast,Сахалинская область,99,1555
Karelia,Республика Карелия,178,1509
Yaroslavl Oblast,Ярославская область,212,1476
Kaluga Oblast,Калужская область,231,1471
North Ossetia-Alania,Республика Северная Осетия-Алания,91,1461
Donetsk PR (occupied),ДНР,88,1451
Mordovia,Республика Мордовия,279,1432
Ryazan Oblast,Рязанская область,271,1349
Kostroma Oblast,Костромская область,205,1305
Pskov Oblast,Псковская область,247,1278
Yamalo-Nenets AO,Ямало-Ненецкий автономный округ,55,1266
Murmansk Oblast,Мурманская область,42,1244
Novgorod Oblast,Новгородская область,220,1238
Smolensk Oblast,Смоленская область,229,1231
Oryol Oblast,Орловская область,278,1178
Luhansk PR (occupied),ЛНР,111,1006
Altai Republic,Республика Алтай,152,998
Kamchatka Krai,Камчатский край,59,963
Kabardino-Balkaria,Кабардино-Балкарская Республика,104,796
Sevastopol,Севастополь,8,656
Kalmykia,Республика Калмыкия,93,633
Adygea,Республика Адыгея,94,602
Jewish AO,Еврейская автономная область,64,576
Chechnya,Чеченская Республика,108,515
Magadan Oblast,Магаданская область,27,514
Karachay-Cherkessia,Республика Карачаево-Черкесия,91,512
Chukotka AO,Чукотский автономный округ,34,297
Ingushetia,Республика Ингушетия,32,215
Nenets AO,Ненецкий автономный округ,17,156
Baikonur,Байконур,1,7
